<?xml version="1.0" encoding="UTF-8"?>
<!DOCTYPE suite SYSTEM "https://testng.org/testng-1.0.dtd">
<suite name="Sample" verbose="5">

	<test thread-count="5" name="simple" verbose="5" parallel="tests">
		<parameter name="browser" value="chrome">
		</parameter>
		<classes>
			<class name="week3.AddProduct" />
		</classes>
	</test>

	<test thread-count="5" name="complex">
		<parameter name="browser" value="firefox">
		</parameter>
		<classes>
			<class name="week3.CertificationsSort" />
		</classes>
	</test>

	<!-- <class name="week3.CreateAccount" /> <class name="week3.DeleteAccount" 
		/> <class name="week3.DeleteLead" /> <class name="week3.EditAccount" /> <class 
		name="week3.SortAccount" /> -->


</suite> <!-- Sample -->
